{
  "height": 389.06832298136646,
  "width": 578.68322981366464,
  "x": 371.18012422360249,
  "y": 139.527950310559,
  "z": 1000
}