{
  "height": 386.38509316770188,
  "width": 715.52795031055894,
  "x": 282.63354037267078,
  "y": 167.25465838509317,
  "z": 1
}