{
  "height": 192.58358662613983,
  "width": 300.54711246200611,
  "x": 917.20364741641345,
  "y": 0,
  "z": 1001
}