{
  "height": 389.05775075987845,
  "width": 578.72340425531922,
  "x": 279.14893617021278,
  "y": 138.11550151975683,
  "z": 1000
}