{
  "height": 50.577507598784194,
  "width": 302.4924012158055,
  "x": 477.56838905775078,
  "y": 37.933130699088146,
  "z": 0
}