{
  "height": 50.981366459627331,
  "width": 279.9503105590062,
  "x": 499.9751552795031,
  "y": 37.565217391304344,
  "z": 0
}